Company,Title,Location,Remote,URL
Recruit 121 Group,SAP Berechtigungsberater (w/m/d) gesucht!,Düsseldorf,True,https://www.arbeitnow.com/jobs/companies/recruit-121-group/sap-berechtigungsberater-gesucht-dusseldorf-440081
ivyclip,Marketing Managerin für schnell wachsende Fashion Marke | remote m/w/d,Berlin,True,https://www.arbeitnow.com/jobs/companies/ivyclip/marketing-managerin-fur-schnell-wachsende-fashion-marke-remote-berlin-251012
Kulturwerke Deutschland,Founder's Associate / Chief of Staff (m/w/d),Düsseldorf,False,https://www.arbeitnow.com/jobs/companies/kulturwerke-deutschland/founders-associate-chief-of-staff-dusseldorf-309670
Specific-Group Germany GmbH,Network & IT Security Engineer (m/w/d),Munich,False,https://www.arbeitnow.com/jobs/companies/specific-group-germany-gmbh/network-it-security-engineer-munich-208061
VOIDS Technology GmbH,Senior Data Scientist - Demand Forecasting (f/m/d),Hamburg,False,https://www.arbeitnow.com/jobs/companies/voids-technology-gmbh/senior-data-scientist-demand-forecasting-hamburg-245305
1KOMMA5˚,Engineering Manager Heartbeat AI (m/f/d),Berlin,True,https://www.arbeitnow.com/jobs/companies/1komma50/engineering-manager-heartbeat-ai-berlin-482604
Quantum- Systems GmbH,Software Engineer - Sensor Fusion (m/f/d),Gilching,False,https://www.arbeitnow.com/jobs/companies/quantum-systems-gmbh/software-engineer-sensor-fusion-gilching-250711
apoplex medical technologies,Senior Marketing Manager (m/w/d),Pirmasens,True,https://www.arbeitnow.com/jobs/companies/apoplex-medical-technologies/senior-marketing-manager-pirmasens-468928
Complori,Senior Marketing Manager (m/w/d),Berlin,False,https://www.arbeitnow.com/jobs/companies/complori/senior-marketing-manager-berlin-145215
FCF Fox Corporate Finance GmbH,HR Manager (m/w/d),Munich,False,https://www.arbeitnow.com/jobs/companies/fcf-fox-corporate-finance-gmbh/hr-manager-munich-34316
Femlives,Pflichtpraktikum (unbezahlt) Femtec Startup,Berlin,True,https://www.arbeitnow.com/jobs/companies/femlives/pflichtpraktikum-unbezahlt-femtec-startup-berlin-371594
TechPlanen,Projektleiter Elektrotechnik,Stuttgart,False,https://www.arbeitnow.com/jobs/companies/techplanen/projektleiter-elektrotechnik-stuttgart-109946
acemate.ai,Founding Marketing / Brand (m/w/d),Berlin,False,https://www.arbeitnow.com/jobs/companies/acemateai/founding-marketing-brand-berlin-434076
LIGANOVA GmbH,Senior Project Manager (all genders) - Event,Stuttgart,False,https://www.arbeitnow.com/jobs/companies/liganova-gmbh/senior-project-manager-all-genders-event-stuttgart-372500
Mendato GmbH,Customer Success Manager (m/w/d) B2B SaaS-Lösung,Berlin,False,https://www.arbeitnow.com/jobs/companies/mendato-gmbh/customer-success-manager-b2b-saas-losung-berlin-136594
Shereen Patzelt,Werkstudent Vertrieb / Finanzberatung (m/w/d) – Praxis statt Theorie,Chemnitz,False,https://www.arbeitnow.com/jobs/companies/shereen-patzelt/werkstudent-vertrieb-finanzberatung-praxis-statt-theorie-chemnitz-71913
Quantum- Systems GmbH,(Senior) Campaign Manager (m/f/d),Gilching,False,https://www.arbeitnow.com/jobs/companies/quantum-systems-gmbh/senior-campaign-manager-gilching-378534
Quantum- Systems GmbH,Senior Brand Manager – Global Brand Leadership (m/f/d),Gilching,False,https://www.arbeitnow.com/jobs/companies/quantum-systems-gmbh/senior-brand-manager-global-brand-leadership-gilching-64311
Ruby GmbH,(Senior) Manager Revenue (m/f/d),Munich,False,https://www.arbeitnow.com/jobs/companies/ruby-gmbh/senior-manager-revenue-munich-299448
Ruby GmbH,Specialist Health & Safety (m/w/d),Munich,True,https://www.arbeitnow.com/jobs/companies/ruby-gmbh/specialist-health-safety-munich-417652
consurio AG,Kreativer Mediengestalter Digital & Print (m/w/d),Frechen,False,https://www.arbeitnow.com/jobs/companies/consurio-ag/kreativer-mediengestalter-digital-print-frechen-363765
docuFORM GmbH,Technischer Support mit KI- & Entwicklungsfokus (m/w/d),Karlsruhe,False,https://www.arbeitnow.com/jobs/companies/docuform-gmbh/technischer-support-mit-ki-entwicklungsfokus-karlsruhe-14677
selected heads GmbH,Kaufmännische Leitung (all),Berlin,False,https://www.arbeitnow.com/jobs/companies/selected-heads-gmbh/kaufmannische-leitung-all-berlin-352810
Hebamme Isabelle,Social Media Manager (m/w/d) Teilzeit,Eibelstadt,True,https://www.arbeitnow.com/jobs/companies/hebamme-isabelle/social-media-manager-teilzeit-eibelstadt-360626
Joe Nimble GmbH,Senior Marketing Manager (m/w/d) - Brand & Lifecycle,Ludwigsburg,False,https://www.arbeitnow.com/jobs/companies/joe-nimble-gmbh/senior-marketing-manager-brand-lifecycle-ludwigsburg-26409
Fischer & Partner Gesellschaft für Personal mbH,Entgeltabrechner oder Personalsachbearbeiter (w/m/d) für attraktiven Arbeitgeber,Waiblingen,False,https://www.arbeitnow.com/jobs/companies/fischer-partner-gesellschaft-fur-personal-mbh/entgeltabrechner-oder-personalsachbearbeiter-fur-attraktiven-arbeitgeber-waiblingen-315928
DIHAG Holding GmbH,Entgeltabrechner / Payroll Specialist (m/w/d),Düsseldorf,False,https://www.arbeitnow.com/jobs/companies/dihag-holding-gmbh/entgeltabrechner-payroll-specialist-dusseldorf-238591
BRANDER FASHION OUTLET,Fashion Content Creator & Model (Vinted) (m/w/d),Aachen,False,https://www.arbeitnow.com/jobs/companies/brander-fashion-outlet/fashion-content-creator-model-vinted-aachen-17511
Fischer & Partner Gesellschaft für Personal mbH,Leiter (w/m/d) Liquiditätssteuerung & Cashmanagement & Finanzen (Immobilienprojektentwicklung),Berlin,False,https://www.arbeitnow.com/jobs/companies/fischer-partner-gesellschaft-fur-personal-mbh/leiter-liquiditatssteuerung-cashmanagement-finanzen-immobilienprojektentwicklung-berlin-5391
Nulegal GmbH,AI Research Engineer,Berlin,False,https://www.arbeitnow.com/jobs/companies/nulegal-gmbh/ai-research-engineer-berlin-281335
SYSTAVO GmbH & Co. KG,IT Project Manager (m/w/d),Metzingen,False,https://www.arbeitnow.com/jobs/companies/systavo-gmbh-co-kg/it-project-manager-metzingen-168457
AEconversion GmbH & Co. KG,Werkstudent Online Marketing (m/w/d),Bad Sassendorf,False,https://www.arbeitnow.com/jobs/companies/aeconversion-gmbh-co-kg/werkstudent-online-marketing-bad-sassendorf-267397
Flix,Senior SAP functional in-house Consultant (m/f/d),"Berlin, Berlin, Germany",False,https://www.arbeitnow.com/jobs/companies/flix/senior-sap-functional-in-house-consultant-berlin-94679
Flix,Senior SAP functional in-house Consultant (m/f/d),"München, Bayern, Germany",False,https://www.arbeitnow.com/jobs/companies/flix/senior-sap-functional-in-house-consultant-munchen-239107
SumUp,Product Data Analyst,"Cologne, North Rhine-Westphalia, Germany",False,https://www.arbeitnow.com/jobs/companies/sumup/product-data-analyst-cologne-246800
IMMO PICTURES,Operations & Client Manager (m/w/d) - mit Perspektive auf Teamleitung,Cologne,False,https://www.arbeitnow.com/jobs/companies/immo-pictures/operations-client-manager-mit-perspektive-auf-teamleitung-cologne-180432
Deutsche Asset One GmbH,Asset Manager Residential Real Estate (m/w/d),Berlin,False,https://www.arbeitnow.com/jobs/companies/deutsche-asset-one-gmbh/asset-manager-residential-real-estate-berlin-345945
Cyrus Digital GmbH,Junior Digital Marketing Specialist,Munich,False,https://www.arbeitnow.com/jobs/companies/cyrus-digital-gmbh/junior-digital-marketing-specialist-munich-22205
Cyrus Digital GmbH,Junior E-Commerce Manager,Munich,False,https://www.arbeitnow.com/jobs/companies/cyrus-digital-gmbh/junior-e-commerce-manager-munich-397137
Cyrus Digital GmbH,Performance Marketing Trainee,Munich,False,https://www.arbeitnow.com/jobs/companies/cyrus-digital-gmbh/performance-marketing-trainee-munich-231937
Cyrus Digital GmbH,Junior Online Marketing Manager,Munich,False,https://www.arbeitnow.com/jobs/companies/cyrus-digital-gmbh/junior-online-marketing-manager-munich-125703
Cyrus Digital GmbH,Junior Google Ads Manager,Munich,False,https://www.arbeitnow.com/jobs/companies/cyrus-digital-gmbh/junior-google-ads-manager-munich-435114
MILES Mobility,Chatbot Specialist (w/m/x/d),Berlin,False,https://www.arbeitnow.com/jobs/companies/miles-mobility/chatbot-specialist-d-berlin-345202
samedi GmbH,(Senior) DevOps Engineer (d/f/m),Berlin,False,https://www.arbeitnow.com/jobs/companies/samedi-gmbh/senior-devops-engineer-berlin-61947
AWO Kreisverband Nordsachsen e.V.,Innovationsmanager:in (m/w/d) in Bad Düben - Vollzeit oder Teilzeit - befristet auf 3 Jahre,Bad Düben,False,https://www.arbeitnow.com/jobs/companies/awo-kreisverband-nordsachsen-ev/innovationsmanagerin-in-bad-duben-vollzeit-oder-teilzeit-befristet-auf-3-jahre-233431
ADBAKER,Trainee TikTok Shop Management - all genders,Cologne,False,https://www.arbeitnow.com/jobs/companies/adbaker/trainee-tiktok-shop-management-all-genders-cologne-266491
Kintscher GbR,Werkstudent Social Media Marketing (w/m/d),Munich,True,https://www.arbeitnow.com/jobs/companies/kintscher-gbr/werkstudent-social-media-marketing-munich-266745
"Monika Moser, Executive Search",Head of Engineering Design (m/w/d),Herford,False,https://www.arbeitnow.com/jobs/companies/monika-moser-executive-search/head-of-engineering-design-herford-19360
sera Werke Heimtierbedarf J. Ravnak GmbH & Co.KG,Teamleitung Buchhaltung / Finance (m/w/d),Heinsberg,False,https://www.arbeitnow.com/jobs/companies/sera-werke-heimtierbedarf-j-ravnak-gmbh-cokg/teamleitung-buchhaltung-finance-heinsberg-495100
Kintscher GbR,Werkstudent Founders Associate - Social Media & Recruiting (w/m/d),Munich,True,https://www.arbeitnow.com/jobs/companies/kintscher-gbr/werkstudent-founders-associate-social-media-recruiting-munich-457254
ituma,Ausbildung zum Fachinformatiker/in (w/m/d),Hilden,False,https://www.arbeitnow.com/jobs/companies/ituma/ausbildung-zum-fachinformatiker-in-hilden-28254
tecRacer Germany GmbH,Product Manager - Contact Center & Conversational AI (w/m/d),Hanover,True,https://www.arbeitnow.com/jobs/companies/tecracer-germany-gmbh/product-manager-contact-center-conversational-ai-hanover-136798
BEH+ Partnerschaft mbB Wirtschaftsprüfer Steuerberater,Werkstudent (m/w/d) Digital Marketing & Social Media,Cologne,False,https://www.arbeitnow.com/jobs/companies/beh-partnerschaft-mbb-wirtschaftsprufer-steuerberater/werkstudent-digital-marketing-social-media-cologne-399288
CREABLO GmbH,Content - Ersteller:in,Hamburg,False,https://www.arbeitnow.com/jobs/companies/creablo-gmbh/content-erstellerin-hamburg-402876
ADBAKER,Trainee eCommerce Management (TikTok Shop) - all genders,Cologne,False,https://www.arbeitnow.com/jobs/companies/adbaker/trainee-ecommerce-management-tiktok-shop-all-genders-cologne-355326
K-tronik GmbH,Software Engineer (Angular / TypeScript / C++) (m/w/x),Mindelheim,False,https://www.arbeitnow.com/jobs/companies/k-tronik-gmbh/software-engineer-angular-typescript-c-mindelheim-226685
Pertemps ERP,Lead Full Stack Developer,Frankfurt am Main,False,https://www.arbeitnow.com/jobs/companies/pertemps-erp/lead-full-stack-developer-frankfurt-am-main-414412
Pertemps ERP,Senior SAP Project Manager(m/w/d),Frankfurt am Main,True,https://www.arbeitnow.com/jobs/companies/pertemps-erp/senior-sap-project-manager-frankfurt-am-main-322864
bcause GmbH,Werkstudent*in 20 h (m/w/d) NGO & Customer Support (m/w/d),Berlin,False,https://www.arbeitnow.com/jobs/companies/bcause-gmbh/werkstudentin-20-h-ngo-customer-support-berlin-327069
Pertemps ERP,SAP GTS Consultant (m/w/d),Cologne,False,https://www.arbeitnow.com/jobs/companies/pertemps-erp/sap-gts-consultant-cologne-330901
spized GmbH,Werkstudent (m/w/d) Social Media Marketing,Cologne,False,https://www.arbeitnow.com/jobs/companies/spized-gmbh/werkstudent-social-media-marketing-cologne-98911
spized GmbH,Werkstudent (m/w/d) Social Media,Cologne,False,https://www.arbeitnow.com/jobs/companies/spized-gmbh/werkstudent-social-media-cologne-134683
think about IT GmbH,IT-Systemelektroniker (m/w/d),Bochum,False,https://www.arbeitnow.com/jobs/companies/think-about-it-gmbh/it-systemelektroniker-bochum-326285
think about IT GmbH,IT-System Engineer (m/w/d),Bochum,False,https://www.arbeitnow.com/jobs/companies/think-about-it-gmbh/it-system-engineer-bochum-340320
think about IT GmbH,Senior IT Administrator (m/w/d),Bochum,False,https://www.arbeitnow.com/jobs/companies/think-about-it-gmbh/senior-it-administrator-bochum-143812
REVOIC GmbH,Operations & Process Optimization Manager (m/w/x),Cologne,False,https://www.arbeitnow.com/jobs/companies/revoic-gmbh/operations-process-optimization-manager-cologne-121889
Brain Products GmbH,EVENT MANAGER (m/w/d),Gilching,False,https://www.arbeitnow.com/jobs/companies/brain-products-gmbh/event-manager-gilching-189594
Brain Products GmbH,EVENT MANAGER (m/w/d),Gilching,False,https://www.arbeitnow.com/jobs/companies/brain-products-gmbh/event-manager-gilching-267993
Little Dot Studios Deutschland,Studentische Aushilfe (w/m/d) Office & Operations Support,Munich,False,https://www.arbeitnow.com/jobs/companies/little-dot-studios-deutschland/studentische-aushilfe-office-operations-support-munich-410712
Pertemps ERP,SAP Success Factors Consultant,Frankfurt am Main,True,https://www.arbeitnow.com/jobs/companies/pertemps-erp/sap-success-factors-consultant-frankfurt-am-main-336790
Pertemps ERP,SAP FICO Consultant,Hamburg,False,https://www.arbeitnow.com/jobs/companies/pertemps-erp/sap-fico-consultant-hamburg-209736
Pertemps ERP,Senior SAP Procurement Specialist,Mannheim,False,https://www.arbeitnow.com/jobs/companies/pertemps-erp/senior-sap-procurement-specialist-mannheim-83765
Pertemps ERP,SAP FI/CO Consultant,Mannheim,False,https://www.arbeitnow.com/jobs/companies/pertemps-erp/sap-fi-co-consultant-mannheim-257188
Pertemps ERP,SAP PP Consultant inhouse role,Frankfurt am Main,True,https://www.arbeitnow.com/jobs/companies/pertemps-erp/sap-pp-consultant-inhouse-role-frankfurt-am-main-13077
Pertemps ERP,Senior SAP HCM Consultant / Developer (m/w/d),Frankfurt am Main,True,https://www.arbeitnow.com/jobs/companies/pertemps-erp/senior-sap-hcm-consultant-developer-frankfurt-am-main-278757
Friedrich Seiz GmbH,"Produktmanager / Produktadministrator (m/w/d) mit Schwerpunkt Produktdaten, ERP & E-Commerce und Produktzertifizierungen",Metzingen,False,https://www.arbeitnow.com/jobs/companies/friedrich-seiz-gmbh/produktmanager-produktadministrator-mit-schwerpunkt-produktdaten-erp-e-commerce-und-produktzertifizierungen-metzingen-67695
Profion GmbH - ein Unternehmen der SÜDVERS Gruppe,Spezialist betriebliche Altersversorgung als Account Manager (m/w/d),Munich,False,https://www.arbeitnow.com/jobs/companies/profion-gmbh-ein-unternehmen-der-sudvers-gruppe/spezialist-betriebliche-altersversorgung-als-account-manager-munich-488145
Recruitment Circle GmbH,Werkstudent:in im Headhunting,Berlin,False,https://www.arbeitnow.com/jobs/companies/recruitment-circle-gmbh/werkstudentin-im-headhunting-berlin-222958
Sozialwerk,Werkstudent (d/w/m): Bereich IT,Nordenham,False,https://www.arbeitnow.com/jobs/companies/sozialwerk/werkstudent-bereich-it-nordenham-88036
CTG Consulting GmbH,Head of Acquisition,Hamburg,True,https://www.arbeitnow.com/jobs/companies/ctg-consulting-gmbh/head-of-acquisition-hamburg-158235
WAY Group,Business Planning Process Analyst S/4HANA (m/w/d),Munich,False,https://www.arbeitnow.com/jobs/companies/way-group/business-planning-process-analyst-s-4hana-munich-297844
adlicious,Junior Campaign Manager (m/w/d),Hamburg,False,https://www.arbeitnow.com/jobs/companies/adlicious/junior-campaign-manager-hamburg-250764
visionm GmbH - part of Talentor (vormals Kaiser Stähler Rekrutierungsberatung),Accounting Manager (m/w/d),Friesenheim,False,https://www.arbeitnow.com/jobs/companies/visionm-gmbh-part-of-talentor-vormals-kaiser-stahler-rekrutierungsberatung/accounting-manager-friesenheim-292428
Bees & Bears,(Junior) Credit Analyst (m/f/d) - Berlin,Berlin,False,https://www.arbeitnow.com/jobs/companies/bees-bears/junior-credit-analyst-berlin-461535
rilaton GmbH,Call Center Agents für Telefon-Befragungen - Minijob im Homeoffice,Taunusstein,True,https://www.arbeitnow.com/jobs/companies/rilaton-gmbh/call-center-agents-fur-telefon-befragungen-minijob-im-homeoffice-taunusstein-87028
doIT GmbH,IT-Systemadministrator (w/m/d),Raesfeld,False,https://www.arbeitnow.com/jobs/companies/doit-gmbh/it-systemadministrator-raesfeld-296956
"LATESYS GmbH, G2Metric GmbH - ADF Group",Project Manager Technical Lead,Hamburg,False,https://www.arbeitnow.com/jobs/companies/latesys-gmbh-g2metric-gmbh-adf-group/project-manager-technical-lead-hamburg-426621
ELMI Power GmbH,Technical Product Manager (m/w/d) - Ladestationen & Energiesysteme,Niddatal,False,https://www.arbeitnow.com/jobs/companies/elmi-power-gmbh/technical-product-manager-ladestationen-energiesysteme-niddatal-331956
rm Personalrecruiting,Servicetechniker (m/w/d) für mobile Energieanlagen,Seevetal,False,https://www.arbeitnow.com/jobs/companies/rm-personalrecruiting/servicetechniker-fur-mobile-energieanlagen-seevetal-381378
Nulegal GmbH,Senior Software Engineer,Berlin,False,https://www.arbeitnow.com/jobs/companies/nulegal-gmbh/senior-software-engineer-berlin-191820
EUBAG Operation GmbH,Hausmeister (m/w/d),Munich,False,https://www.arbeitnow.com/jobs/companies/eubag-operation-gmbh/hausmeister-munich-57821
rilaton GmbH,Interviewer/innen für Telefon-Befragungen - Minijob im Homeoffice,Taunusstein,True,https://www.arbeitnow.com/jobs/companies/rilaton-gmbh/interviewer-innen-fur-telefon-befragungen-minijob-im-homeoffice-taunusstein-271366
PARTSCLOUD GmbH,Product Manager (all genders),Berlin,False,https://www.arbeitnow.com/jobs/companies/partscloud-gmbh/product-manager-all-genders-berlin-473311
ADBAKER,Trainee Social Commerce (TikTok Shop) - all genders,Cologne,False,https://www.arbeitnow.com/jobs/companies/adbaker/trainee-social-commerce-tiktok-shop-all-genders-cologne-236074
ADBAKER,Trainee Creator Manager - all genders,Cologne,False,https://www.arbeitnow.com/jobs/companies/adbaker/trainee-creator-manager-all-genders-cologne-438247
JetztJob,Junior Consultant – Vertrieb & Recruiting in einer Rolle (m/w/d),Bielefeld,False,https://www.arbeitnow.com/jobs/companies/jetztjob/junior-consultant-vertrieb-recruiting-in-einer-rolle-bielefeld-346538
Peter Stenmans,Teamleiter (m/w/d) im Finanzvertrieb (German Speaking),Berlin,False,https://www.arbeitnow.com/jobs/companies/peter-stenmans/teamleiter-im-finanzvertrieb-german-speaking-berlin-313198
Swiss Life Select,Senior Sales Consultant - Vollzeit (German Speaking),Bad Krozingen,False,https://www.arbeitnow.com/jobs/companies/swiss-life-select/senior-sales-consultant-vollzeit-german-speaking-bad-krozingen-349098
Galvanek Bau,Projektleiter Photovoltaik (PV) (m/w/d),Nuremberg,False,https://www.arbeitnow.com/jobs/companies/galvanek-bau/projektleiter-photovoltaik-pv-nuremberg-321468
Natalie Radetzki Finanzberatung,Nebenberuflicher Vertriebsmitarbeiter (m/w/d),Pegnitz,False,https://www.arbeitnow.com/jobs/companies/natalie-radetzki-finanzberatung/nebenberuflicher-vertriebsmitarbeiter-pegnitz-156113
